{"cameraMode":{"drawMode":0,"name":"Shaded","section":"Shading Mode"},"sceneLighting":false,"audioPlay":false,"sceneViewState":{"showFog":true,"showMaterialUpdate":false,"showSkybox":false,"showFlares":true,"showImageEffects":true,"showParticleSystems":true},"in2DMode":false,"pivot":{"x":0.6897363066673279,"y":1.6383469104766846,"z":2.091718912124634},"rotation":{"x":0.0022538495250046255,"y":0.6600574851036072,"z":-0.001980010885745287,"w":0.7512107491493225},"size":8.695138931274414,"orthographic":false}