{"cameraMode":{"drawMode":0,"name":"Shaded","section":"Shading Mode"},"sceneLighting":false,"audioPlay":false,"sceneViewState":{"showFog":true,"showMaterialUpdate":false,"showSkybox":false,"showFlares":true,"showImageEffects":true,"showParticleSystems":true},"in2DMode":false,"pivot":{"x":-0.41235142946243288,"y":-0.05004265531897545,"z":0.14886519312858582},"rotation":{"x":0.014941654168069363,"y":-0.7024903297424316,"z":0.014753737486898899,"w":0.7113917469978333},"size":1.4715766906738282,"orthographic":true}